{"jwk2upf9QqsolPL88vh9GA==":"card1-3-110x108.jpg","il+2xQvU8iYemindz6v7QA==":"card1-2-714x707.jpg","g5GmTucP0oqcvAP3YFQQjw==":"homelogo-3-228x225.png","IYx9nheLPe3dYuRkkm1aDg==":"homelogo-03-3-228x225.png","it2nZzFsr6OaXlFspf3BLA==":"about%20intro-2-1487x1472.jpg","aHwIpQoqA4Z44MXA5d8tmA==":"card1-4-367x475.jpg","kxlBaBiR6IK2uLS3YLT6tg==":"card1-5-367x475.jpg","9ogrudFFlHGIjxS6V7utYQ==":"card1-6-367x475.jpg","39q+FoB1f72qoqJ0W1oUag==":"card1-7-367x475.jpg","ns4eQ6qsiU9ivCDEBhuJsQ==":"card1-8-329x390.jpg","nvvMmvRanER/zkysbURuNw==":"card1-9-282x325.jpg","vK0+6U9gW6huYBmvdfK2Xg==":"card1-10-183x251.jpg","nMDpPokIpLZMF9a217+dww==":"card1-11-414x221.jpg","ClUesP48g4HmF4kDfViYHQ==":"services-2000x1124.jpg","UfqMQTavJ/rwc5FumQujXQ==":"card1-06-6-367x475.jpg","7EzcX10ZFLx20fJeQqgjng==":"services-2-1533x837.jpg","/SDyrOiepYw3PCo9wVjxnA==":"product%20n%20services-2-510x837.jpg","T45guspml+0vtemBVr3D3A==":"product%20n%20services-6-510x837.jpg","TEEBf1WYAbCFUe94FSiSPg==":"product%20n%20services-7-510x837.jpg","0Czh8FckI0B1UrBr1Va8cA==":"product%20n%20services-3-1542x412.jpg","PyJ/0GIdHW4lHgffCKxuvw==":"product%20n%20services-4-1542x412.jpg","neoUueXBTXUkVb62C8L/iQ==":"product%20n%20services-5-1542x412.jpg","TIzReySCztMCpte/XxTgAg==":"product%20n%20services-3-1542x412.jpg","Wmk14pv3hSH8EDMHLNs4ow==":"digital%20illustration%20n%20repairs-1-729x410.jpg","welTWurTl3FHCVl8utt0YQ==":"digital%20illustration%20n%20repairs-2-729x410.jpg","wcswthLw84+9zDagiwb5zQ==":"digital%20illustration%20n%20repairs-3-729x410.jpg","iDptyZE7h3FpavxFrrs9rw==":"digital%20illustration%20n%20repairs-5-729x410.jpg","hK4BYfGG1lnA+jC2piFUaw==":"digital%20illustration%20n%20repairs-1-729x410.jpg","buo9zDFKU1K0GBqIGOZtfg==":"digital%20illustration%20n%20repairs-2-729x410.jpg","EqeP1xYC0fvoeQvk5P3pZA==":"digital%20illustration%20n%20repairs-3-729x410.jpg","7H3LYb1s6S1rNQgKRGqE3w==":"digital%20illustration%20n%20repairs-5-729x410.jpg","6qhLzU6kdAMjIFATBxTGFQ==":"digital%20illustration%20n%20repairs-6-729x410.jpg","MEN8zbJ3m9wG6HnrH6IQpQ==":"digital%20illustration%20n%20repairs-4-729x410.jpg","zeqVpMLbCjZnu5HXhma5Bw==":"logo-1-1707x960.jpg","fTAHI0xZ+eW0ctHCKzm2XA==":"touchup-01-01-1-1999x1125.jpg","T2vEGsuokJ0/BAClQxJvzQ==":"touchupis-1-1999x1125.jpg","o5HYfeJZNZaKJo6dlgzcZA==":"character-design-01-01-1-2000x1124.jpg","dJSZdW7c6MKAB71sFMccSQ==":"customise-your-brand-484-1280x720.jpg","CYtHLi5PDiNZzmikTo6VGA==":"digital%20site%20n%20pages-1-695x410.jpg","n1j+O3qs0sozBiEwAbHF/w==":"digital%20site%20n%20pages-2-695x410.jpg","Lv70pb34zc4ivFvp37PztA==":"digital%20site%20n%20pages-3-695x410.jpg","oUakOQ0Kgq9z1dXRyArubw==":"digital%20site%20n%20pages-4-695x410.jpg","YlkDzdIxdoyXZYACpMIZHw==":"digital%20site%20n%20pages-03-2-695x410.jpg","xQyZ7qZ6T5yBNkc5EXVjwA==":"digital%20site%20n%20pages%20one%20pager-2-695x410.jpg","0OOE1Usrtktm437Z/qTMRQ==":"background2.jpg","OhWWkp7fsLFDnNgleCpmRA==":"term%20n%20condition-1-765x989.jpg","rT8rDgxk1j9u0njFoz7o0w==":"term%20n%20condition-01-1-765x989.jpg","XMTddWO7W9ChyUoK7PtMOQ==":"term%20n%20condition-2-765x989.jpg","b3npqk9GZPnrtRToVv6Anw==":"term%20n%20condition-3-765x989.jpg","UKMCbewOxOJHwRfDAvr6ew==":"term%20n%20condition-4-765x989.jpg","ptXKJSGejGNCj5jWdpPFpQ==":"term%20n%20condition-01-01-1-765x989.jpg","mrF8TC0sDKqhR2sdqJgwsw==":"term%20n%20condition-02-2-765x989.jpg","PVaMuGVSw2Z7Uq5+0fjZnw==":"final-logo2final-128x128.jpg","zUWsLFQxT3TmPsJFkFqofg==":"sky-2000x1500.jpg","YKiqN4HldpO1AZu8yh73sg==":"3706%20%5Bconverted%5D-1-600x600.jpg","ENcV7MPGc8DB/N78jzbMVg==":"3706%20%5Bconverted%5D-1-600x600.jpg","uiL1vfpQRmng1BH9KNiwiw==":"3706%20%5Bconverted%5D-01-1-1500x1500.jpg","qZz3/5QSKGtTMyaSY3CxfQ==":"3706%20%5Bconverted%5D-01-1-1500x1500.jpg","GmT2jR4tPr/T8PZoozkT0Q==":"3d-room-visual-1280x720.jpg","8wh9BbhpR1tSmUxHXr6zsg==":"advertising-01-1-1999x1125.jpg","c7fSpr4nkBkJ9TTjisdokQ==":"mbr-676x451.jpg","MRpcNpAm5+XBGQZEpdicVg==":"mbr-1-676x451.jpg","MFSBm67aHx2FpRFXTlSDHA==":"mbr-676x444.jpg","Fi9LlE9/EbsVYCDLGPhSIg==":"mbr-676x412.jpg","TwUKinljUbEAW7Qp86nbDA==":"zul%20nabila-2-492x290.jpg","PfQdMKLSRV64/J8KV/kYCA==":"digital%20site%20n%20pages-2-492x290.jpg","e4ptlflGyKXKLE8Iczeeqw==":"rekalusi%20intro.gif","WpPpXWel1ZAGFnz0dbzPQA==":"thumbnail-3-464x274.jpg","SbAPizwsC4AoLoiALW8/hQ==":"touchup-01-01-2-1999x1125.jpg","YlcY5q+Q6J7VU1Fd94YsCQ==":"3d-room-visual-1-1280x720.jpg","jEAru6fs/y2S4I3ViaeOvw==":"touchupis-2-1999x1125.jpg","hDSJrp/BmHGACEIm7I7RiQ==":"character-design-01-01-2-2000x1124.jpg","Xj1oxBlUeY8aOPKfgn5tqQ==":"advertising-01-2-1999x1125.jpg","sQ2AGf2ssJt8ocuWzIMXzw==":"3d%20chair-1280x720.jpg","3bKcyzZOx8mokVmO/87rcA==":"all%20flavour%20visual-1-721x541.jpg","1XX0o9BGgRP15X7dE+AQaw==":"aps-2964-2000x1328.jpg","s6Ai438KnL2nYPYNOVYO0g==":"img-20140524-514-996x300.jpg","d4FqZXY3zrI5bKVanhPRTA==":"liquidart-2000x2000.jpg","ZbMDabuFgVFwOjXp/qglqw==":"logo%20draft-1-2000x1125.jpg","zEhcK0TU7Qsu4QMTpa7ung==":"logo%20idea-1-1500x1500.jpg","Z7uAAfioRE0yRTTNEef+KA==":"logo-1-1500x1500.jpg","e5SRBMb3feRT9Qkd2S9/yQ==":"nikon-600x337.jpg","PRmLvw8knBh76YtYZSu4+w==":"tshirt-600x337.jpg","U7NDiR9nD5Z2Bqk5fabHEA==":"bunting%202ft%20x%206ft-01-1-1500x1500.jpg","Zp0EnA6VKMku/o6OcyZ6dw==":"bvh%20fb-375x375.jpg","1icNHHhfxTVKSGLUNDonUA==":"flyers%20copy-595x842.jpg","WbavtyZkqoh7CSQk4EeYuQ==":"logo%20idea-2000x2000.jpg","0EGSs49Not8KGz7n8avWpw==":"page-3-1652x2338.jpg","oun2u42hIxMzt/mLXiidcg==":"publishing-1-1276x1789.jpg","yDSpq5ua/u25mp2aI8KHVw==":"branding-540x810.jpg","s9cN1Z1ZhNg/HV0UGPxwfg==":"clifton-off-white-plain-women-t-shirt-aaa00008651-55-1-1756x2500.jpg","78uDRJwouEbtE9Dgxx0AAw==":"about-4-492x636.jpg","hr8auDnDXKpwaWE4u+HmqA==":"about-5-492x636.jpg","3i3wB9z63leYYh8ZGcpn/A==":"about-6-492x636.jpg","wY9hCrHWQ4aB88YczJw4QA==":"about-7-492x636.jpg","9bZHRtct4s8WnRbF9PPr1w==":"product-n-services-3-510x837.jpg","pa20NsE1SISUdXDr9mumig==":"product-n-services-4-510x837.jpg","EnA16wMNACAvtzG6KjfpVA==":"product-n-services-5-510x837.jpg","TG1jSFW/ouHjdl1wEl5M1g==":"resume-online-4-464x274.jpg","3BqZVSyPSbhwwiTuiplomg==":"jemputan-2-464x274.jpg","qR7d1UlklHk93mgCY3KVWA==":"kaunter-tiket-3-464x274.jpg","X3d56zB9rQruy5d9jyenhg==":"term-n-condition1-1-596x771.jpg","chcqylM3xMOSY9520qeAkw==":"term-n-condition1-2-596x771.jpg","GB8gLBV6HbilpQ+jODP7Rw==":"term-n-condition1-3-596x771.jpg","YY6jHzkRcxmh60W8NvABUg==":"term-n-condition1-4-596x771.jpg","DmLO6CIfK8J/Zx72Dd12uA==":"logo%20idea2-1-596x842.jpg","+GXTG6ePMP8rYhsMgtcZUg==":"hari%20raya%20wish%20my.gif","NABkP9i4t4mIGSpFn73WIA==":"background1.jpg","pEhe+/CgI0bYYK6SlsbR9w==":"resumemohdhafizothmanmy-1-1500x7130.jpg","eQKzgX1OtLAySD5ADSQWHA==":"landing-covermy-1-2667x1500.jpg","8xdiuXAGHYCvp03coCEIOw==":"occnbs0-2000x2000.jpg","RWcefXDk6AfxMiBNDHyESQ==":"bg-1814x3629.jpg","OUVhwkWHSwSDzfnTl4s4Og==":"nabila-1-240x240.png","qqzGUXDYkUqu9m7laZ83Rw==":"face2.jpg","M685RuVb/HThixtneI5Piw==":"face3.jpg","TvxY7+hvkBvieGgxhNlDQw==":"zul-1-240x240.png","gLH80jDHso+/YlLN73jwKQ==":"723-638x426.jpg","F3xTyJD67BFKERYCrPcnoA==":"final-logo2final-122x122.jpg","db1v7IoWqhO0it4wwPdhmg==":"cover-page-1-1500x1500.jpg","M3E7HfMtQ/0Udho0Cn9VFA==":"cover-page-2-1500x1500.jpg","ihlkf69UyfSmhSyJ1Jvc6w==":"jumbotron.jpg","sUktX9pVyHpQpWRP+2r02w==":"hari%20raya%20wish%20my.gif","HnNG2zdCa9Gn7LXxMgx6Xw==":"hari%20raya%20wish%20my.gif","4+DzqXFpj/z2AIwVP9lcYQ==":"background5.jpg"}